<?xml version="1.0"?>
<!DOCTYPE hibernate-mapping PUBLIC "-//Hibernate/Hibernate Mapping DTD 3.0//EN"
"http://hibernate.sourceforge.net/hibernate-mapping-3.0.dtd">
<!-- Generated 2016-10-28 18:09:30 by Hibernate Tools 3.5.0.Final -->
<hibernate-mapping package="hrs.common.POJO">
    <class name="LocationPO" table="LOCATION">
        <id name="id" type="int">
            <column name="LOC_ID" />
            <generator class="native" />
        </id>
        <property name="name" type="java.lang.String">
            <column name="LOC_NAME" />
        </property>
    </class>
</hibernate-mapping>
