<?xml version="1.0" encoding="UTF-8"?>
<beans xmlns="http://www.springframework.org/schema/beans"
	xmlns:xsi="http://www.w3.org/2001/XMLSchema-instance" xmlns:context="http://www.springframework.org/schema/context"
	xmlns:p="http://www.springframework.org/schema/p" xmlns:tx="http://www.springframework.org/schema/tx"
	xmlns:aop="http://www.springframework.org/schema/aop"
	xsi:schemaLocation="http://www.springframework.org/schema/beans http://www.springframework.org/schema/beans/spring-beans.xsd
		http://www.springframework.org/schema/context http://www.springframework.org/schema/context/spring-context-4.3.xsd
		http://www.springframework.org/schema/aop http://www.springframework.org/schema/aop/spring-aop-4.3.xsd
		http://www.springframework.org/schema/tx http://www.springframework.org/schema/tx/spring-tx-4.2.xsd">
	<context:component-scan base-package="hrs.server"></context:component-scan>
	<context:component-scan base-package="test.server"></context:component-scan>

	<!-- 配置数据源 -->
	<bean id="dataSource" class="com.mchange.v2.c3p0.ComboPooledDataSource">
		<property name="driverClass" value="com.mysql.jdbc.Driver" />
		<property name="jdbcUrl"
			value="jdbc:mysql://localhost:3306/hotelreservationsystem?serverTimezone=UTC" />
		<property name="user" value="root" />
		<property name="password" value="130119" />
		<property name="initialPoolSize" value="10" />
		<property name="maxPoolSize" value="20" />
		<property name="minPoolSize" value="5" />
	</bean>
	<!-- 配置SessionFactory -->
	<bean id="sessionFactory"
		class="org.springframework.orm.hibernate5.LocalSessionFactoryBean"
		autowire="byType">
		<property name="dataSource" ref="dataSource"></property>
		<property name="configLocation" value="classpath:hibernate.cfg.xml"></property>
		<property name="mappingResources">
			<list>
				<value>hrs/common/POJO/UserPO.hbm.xml</value>
				<value>hrs/common/POJO/EnterprisePO.hbm.xml</value>
				<value>hrs/common/POJO/StaffPO.hbm.xml</value>
				<value>hrs/common/POJO/LocationPO.hbm.xml</value>
				<value>hrs/common/POJO/CommercialCirclePO.hbm.xml</value>
				<value>hrs/common/POJO/CreditRecordPO.hbm.xml</value>
				<value>hrs/common/POJO/OrderPO.hbm.xml</value>
				<value>hrs/common/POJO/HotelPO.hbm.xml</value>
				<value>hrs/common/POJO/RoomPO.hbm.xml</value>
				<value>hrs/common/POJO/HotelDiscountPO.hbm.xml</value>
				<value>hrs/common/POJO/WebDiscountPO.hbm.xml</value>
				<value>hrs/common/POJO/OfflineRecordPO.hbm.xml</value>
				<value>hrs/common/POJO/AvailableRoomPO.hbm.xml</value>
			</list>
		</property>
	</bean>

	<!-- 配置声明式事务 -->
	<bean id="transactionManager"
		class="org.springframework.orm.hibernate5.HibernateTransactionManager">
		<property name="sessionFactory" ref="sessionFactory"></property>
	</bean>

	<tx:advice id="txAdvice" transaction-manager="transactionManager">
		<tx:attributes>
			<tx:method name="save*" propagation="REQUIRED" />
			<tx:method name="del*" propagation="REQUIRED" />
			<tx:method name="update*" propagation="REQUIRED" />
			<tx:method name="add*" propagation="REQUIRED" />
			<tx:method name="find*" propagation="REQUIRED" />
			<tx:method name="get*" propagation="REQUIRED" />
			<tx:method name="apply*" propagation="REQUIRED" />
		</tx:attributes>
	</tx:advice>

	<!-- 基于注解 声明式事务管理配置 -->
	<tx:annotation-driven transaction-manager="transactionManager" />
	<aop:config>
		<aop:pointcut expression="execution(* hrs.server.Service.*.*(..))"
			id="txPointcut" />
		<aop:advisor advice-ref="txAdvice" pointcut-ref="txPointcut" />
	</aop:config>


	<!-- 配置bean 注意使用xml的自动装配 -->
	<!-- 
	<bean id="userService" class="hrs.server.Service.Impl.UserService.UserServiceImpl"></bean>
	<bean id="enterpriseService"
		class="hrs.server.Service.Impl.PromotionService.EnterpriseServiceImpl"></bean>
	<bean id="staffService" class="hrs.server.Service.Impl.StaffService.StaffServiceImpl"></bean>
	<bean id="roomService" class="hrs.server.Service.Impl.RoomService.RoomServiceImpl"></bean>
	<bean id="hotelDiscountService"
		class="hrs.server.Service.Impl.PromotionService.HotelDiscountService.HotelDiscountServiceImpl"></bean>
	<bean id="webDiscountService"
		class="hrs.server.Service.Impl.PromotionService.WebDiscountService.WebDiscountServiceImpl"></bean>
	<bean id="orderService" class="hrs.server.Service.Impl.OrderService.OrderServiceImpl"></bean>
	<bean id="orderSearchService"
		class="hrs.server.Service.Impl.OrderService.OrderSearchServiceImpl"></bean>
	<bean id="offlineRecordService"
		class="hrs.server.Service.Impl.OfflineRecordService.OfflineRecordServiceImpl"></bean>
	<bean id="locationService"
		class="hrs.server.Service.Impl.HotelService.LocationServiceImpl"></bean>
	<bean id="commCircleService"
		class="hrs.server.Service.Impl.HotelService.CommCircleServiceImpl"></bean>
	<bean id="hotelService" class="hrs.server.Service.Impl.HotelService.HotelServiceImpl"></bean>
	<bean id="creditRecordService"
		class="hrs.server.Service.Impl.CreditRecordService.CreditRecordServiceImpl"></bean>
 	-->
	<!-- ************************以上为Service的配置***************** -->
	<bean id="loginController" class="hrs.server.Controller.LoginController.LoginController"></bean>

	<!-- ************************以上为Controller的配置***************** -->


	<!-- 配置RMI -->
	<bean class="org.springframework.remoting.rmi.RmiServiceExporter">
		<!-- RMI服务名称,可自定义服务名称 ，给客户端调用的 -->
		<property name="serviceName" value="LoginController" />
		<!-- 导出实体 -->
		<property name="service" ref="loginController" />
		<!-- 导出接口 -->
		<property name="serviceInterface"
			value="hrs.common.Controller.LoginController.ILoginController" />
		<!-- spring默认使用1099端口 -->
		<property name="registryPort" value="1199" />
	</bean>
</beans>
