<?xml version="1.0" encoding="UTF-8"?>
<!DOCTYPE hibernate-configuration PUBLIC
		"-//Hibernate/Hibernate Configuration DTD 3.0//EN"
		"http://www.hibernate.org/dtd/hibernate-configuration-3.0.dtd">
<hibernate-configuration>
	<session-factory>
		<property name="connection.username">root</property>
		<property name="connection.password">130119</property>
		<property name="connection.driver_class">com.mysql.jdbc.Driver</property>
		<property name="connection.url">jdbc:mysql://localhost:3306/hotelreservationsystem?serverTimezone=UTC</property>
		<property name="dialect">org.hibernate.dialect.MySQLInnoDBDialect</property>
		<property name="show_sql">true</property>
		<property name="format_sql">true</property>
	</session-factory>
</hibernate-configuration>
